CustomerName,Email,JoinDate
Jeffrey Turner,odonnellzachary@gmail.com,2020-10-09
Kenneth Butler,roachmatthew@gmail.com,2024-05-08
Vanessa Blake,michaelphillips@gmail.com,2023-11-27
Dr. Melissa Woods,hpatterson@gmail.com,2021-02-06
Daniel Conner,rosalesjulie@gmail.com,2024-07-16
Marcia Cline,madams@gmail.com,2020-04-28
Corey Cantu,iflores@gmail.com,2020-04-24
Amber Watts,andrewmacdonald@gmail.com,2025-03-06
Jamie Hawkins,leroyosborne@gmail.com,2022-12-06
Rachel Howard,thomaspugh@gmail.com,2020-07-12
Ryan Andrews,jacquelinechavez@gmail.com,2021-12-07
Barry Parrish,jaclyn77@gmail.com,2023-03-14
Paul Santana,schambers@gmail.com,2022-08-23
Judy Thompson,nrobles@gmail.com,2024-04-06
Thomas Morris,ericaeverett@gmail.com,2022-04-17
James Estes,robertsdouglas@gmail.com,2021-09-24
Christine Ward,zlowe@gmail.com,2020-10-20
Pamela Williams,mfisher@gmail.com,2022-02-18
Sara Cruz,vroberts@gmail.com,2021-03-27
Anne Weber,rbond@gmail.com,2020-10-17
Isaac Bradley,anelson@gmail.com,2024-02-10
Eric Henderson,jonesjoseph@gmail.com,2021-08-24
Wesley Scott,john54@gmail.com,2024-07-18
April Bradley,david46@gmail.com,2020-01-23
Amy Myers,joann36@gmail.com,2023-05-04
Diana Brady,ronaldconner@gmail.com,2020-12-30
Melissa Cummings,lpatterson@gmail.com,2021-03-21
Angela Garcia,williamsedward@gmail.com,2023-12-19
Rose Hoover,cuevasdenise@gmail.com,2021-08-22
Deborah Delacruz,kathy64@gmail.com,2020-08-21
Charles Adams,garciajonathan@gmail.com,2024-09-30
Craig Allen,annagarrett@gmail.com,2023-06-24
Wendy Schultz,uhampton@gmail.com,2025-01-20
Taylor Schneider,newtonmarie@gmail.com,2024-11-03
Derrick Blackburn,fstevens@gmail.com,2023-03-20
Stephanie Baker,uanderson@gmail.com,2020-06-25
Alejandra Turner,thompsongary@gmail.com,2020-04-08
Linda Kim,chasewelch@gmail.com,2021-09-01
Robert Lawrence,amandapatton@gmail.com,2020-11-24
Michael Maynard,lstewart@gmail.com,2024-07-01
Karen Hart,jennifer22@gmail.com,2020-10-06
Thomas Brown,lukerogers@gmail.com,2021-04-18
Zachary Hansen,stacey64@gmail.com,2023-10-05
Darrell Graham,coxstacy@gmail.com,2022-05-18
David Terry,msmith@gmail.com,2020-10-12
Diana Bradshaw,bparker@gmail.com,2024-09-21
Travis Williams,james60@gmail.com,2022-09-19
Margaret Garcia,summersshannon@gmail.com,2022-01-11
Jose Torres,hjohnson@gmail.com,2020-03-20
Dr. Sara Dominguez,millscharles@gmail.com,2024-08-06
Alison Martin,teresadaniels@gmail.com,2020-09-30
John Lopez,wfoster@gmail.com,2024-09-13
Monica Knight,parkeranne@gmail.com,2023-05-06
David Hall Jr.,anna01@gmail.com,2022-12-28
James Goodman,jennifer58@gmail.com,2021-01-15
Cassandra Price,jeffreyjones@gmail.com,2023-05-05
Carmen Rice,michael44@gmail.com,2024-07-25
Charles Joseph,elizabethbooker@gmail.com,2020-10-30
Alan Nolan,davisronald@gmail.com,2020-03-18
Richard Prince,qgardner@gmail.com,2022-01-25
Heidi Maddox,amanda59@gmail.com,2024-01-21
Ross Patterson,robertarellano@gmail.com,2020-02-14
Zachary Alvarado,teresamason@gmail.com,2023-12-26
Kyle Figueroa,bowersfaith@gmail.com,2024-06-20
Joanne Jefferson,kbaker@gmail.com,2021-11-14
Kyle Johnson,nelsontanya@gmail.com,2020-06-14
Mr. William Morgan,rosedawn@gmail.com,2022-12-02
Anthony Stephens,peter80@gmail.com,2023-05-14
Emily Williams,alexandratran@gmail.com,2025-02-23
Henry Smith,jbaker@gmail.com,2022-03-16
Robert Chen,christian40@gmail.com,2021-02-06
Tracy Smith,qdavis@gmail.com,2024-10-20
Joshua Anderson,fflowers@gmail.com,2022-06-24
Cole Sanchez,hernandezchristopher@gmail.com,2021-09-20
Edward Lopez,rebecca47@gmail.com,2021-04-19
Terrence West,waynemoyer@gmail.com,2022-10-28
Elizabeth Johnson,joseph52@gmail.com,2020-08-03
Ann Ruiz,castrokathryn@gmail.com,2023-01-02
Tammy Miller,brendan76@gmail.com,2024-05-18
Renee Miller,hollyhernandez@gmail.com,2020-10-01
Michelle Walton,margaretgonzalez@gmail.com,2021-06-13
Ricardo Ruiz,benjamin06@gmail.com,2022-04-27
Alexandra Murphy,tinapark@gmail.com,2022-01-10
Tiffany English,yboyd@gmail.com,2023-11-26
Nicole Murray,stevenlong@gmail.com,2021-01-22
Matthew Johnson,nixonkatherine@gmail.com,2021-07-09
Francisco Combs,joshuapearson@gmail.com,2023-09-23
Sarah Holland,pearsondiana@gmail.com,2023-11-09
Robert Merritt,ronald67@gmail.com,2024-11-10
Linda Jones,rdiaz@gmail.com,2024-01-17
Carrie Anderson,diane29@gmail.com,2023-07-22
Curtis Gordon,christinashaw@gmail.com,2022-07-25
Stacy Christensen,taylormark@gmail.com,2023-07-08
Steven Washington,tmurphy@gmail.com,2023-10-09
Sonya Hatfield,onicholson@gmail.com,2025-02-28
Jessica Lamb,vblake@gmail.com,2021-03-04
Dominic Bryant,zavalamichael@gmail.com,2021-04-28
Jennifer Mahoney,oromero@gmail.com,2025-02-20
Gary Gross,nbrown@gmail.com,2020-09-24
David Padilla,dhall@gmail.com,2024-12-12